first_name,last_name,email,contact_number_include_country_code,contact_type,countryregion,country_ent,contact_owner,business_unit,business_region_ent,campaign_type,campaign_group,lifecycle_stage,lead_status,ad_channel,marketing_solution_group,job_title
Venkatesh,Dutt,venka@imcshipping.com,"'+65 6336 2233",Employee,Singapore,Singapore,,ENT,SG,Database,FY25Q1,Contact,,Database,"ENT SME","Group Head of Shipping Operations"
Eric,Chang,eric@affinityequity.com,"'+852 3102 8329",Employee,Singapore,Singapore,,ENT,SG,Database,FY25Q1,Contact,,Database,"ENT SME","Head of Regional IT"
Kelvin,Tee,kel.tee@kacific.com,"'+65 6734 3783",Employee,Singapore,Singapore,,ENT,SG,Database,FY25Q1,Contact,,Database,"ENT SME","Director Of Information Technology"
Garrett,West,garrett@dell.com,"'+1 512-728-4737",Employee,Singapore,Singapore,,ENT,SG,Database,FY25Q1,Contact,,Database,"ENT SME","Director, International I.T. Managed Services Delivery"
Vivek,Gulati,vi@structo3d.com,"'+65 6514 7332",Employee,Singapore,Singapore,,ENT,SG,Database,FY25Q1,Contact,,Database,"ENT SME","Director - Print Systems Engineering"
Christie,Joy,chris@sindoferry.com.sg,"'+65 6331 4123",Employee,Singapore,Singapore,,ENT,SG,Database,FY25Q1,Contact,,Database,"ENT SME","Senior Sales & Marketing Executive"
