first_name,last_name,email,contact_number_include_country_code,contact_type,countryregion,country_ent,contact_owner,business_unit,business_region_ent,campaign_type,campaign_group,lifecycle_stage,lead_status,ad_channel,marketing_solution_group,job_title,validation_errors,validation_errors
Li,Chong,lili@rstn2u.com,"'+65 6225 5270",Employee,Myanmar,Myanmar,,ENT,SG,Database,FY25Q1,Contact,,Database,"ENT SME",COO,"[""Country does not match the selected country""]"
George,Binesh,binesh.george@prmms.com,"'+65 6972 6400",Employee,Myanmar,Myanmar,,ENT,SG,Database,FY25Q1,Contact,,Database,"ENT SME","Chief Technology Officer","[""Country does not match the selected country""]"
Ang,Iris,iris.ang@ifscapital.com.sg,"'+65 6270 7711",Employee,Myanmar,Myanmar,,ENT,SG,Database,FY25Q1,Contact,,Database,"ENT SME","Group CFO","[""Country does not match the selected country""]"
Allyssa,Lin,allyssa.lin@dell.com,"'+1 512-728-4737",Employee,Myanmar,Myanmar,,ENT,SG,Database,FY25Q1,Contact,,Database,"ENT SME","Partner System Engineer","[""Country does not match the selected country""]"
Mark,Koh,mark@supa.so,"'+60 3-2713 6946",Employee,Indonesia,Indonesia,,ENT,SG,Database,FY25Q1,Contact,,Database,"ENT SME","CEO & Co-founder","[""Country does not match the selected country""]"
Henry,Ng,henry@verzdesign.com,"'+65 6841 1680",Employee,Indonesia,Indonesia,,ENT,SG,Database,FY25Q1,Contact,,Database,"ENT SME","Managing Director","[""Country does not match the selected country""]"
Wendy,Lee,wendy.lee@premiumauto.com.sg,"6836 2223",Employee,Indonesia,Indonesia,,ENT,SG,Database,FY25Q1,Contact,,Database,"ENT SME",CFO,"[""Country does not match the selected country""]"
Jeremy,Hon,jeremy@staffany.com,"'+65 9755 8195",Employee,Indonesia,Indonesia,,ENT,SG,Database,FY25Q1,Contact,,Database,"ENT SME","Co-Founder, CTO","[""Country does not match the selected country""]"
Hamid,Khan,hamid@udyashipping.com,"'+91 22 4162 6363",Employee,Indonesia,Indonesia,,ENT,SG,Database,FY25Q1,Contact,,Database,"ENT SME",Director/Shareholder,"[""Country does not match the selected country""]"
Aimin,Hu,aimin.hu@imin.sg,"'+65 6741 3019",Employee,Myanmar,Myanmar,,ENT,SG,Database,FY25Q1,Contact,,Database,"ENT SME","Chief Executive Officer","[""Country does not match the selected country""]"
Damien,Yoo,damienyoomm2entertainment.com,"'+65 6376 0177",Employee,Myanmar,Myanmar,,ENT,SG,Database,FY25Q1,Contact,,Database,"ENT SME","Director, Business Development","[""Country does not match the selected country""]"
Spencer,Wong,spencer.wong@theeditorsmarket.com,"'+65 6737 0669",Employee,Myanmar,Myanmar,,ENT,SG,Database,FY25Q1,Contact,,Database,"ENT SME","Director Of Business Development","[""Country does not match the selected country""]"
Elizza,Ding,elizza@caosco.com,"'+65 9011 6718",Employee,Myanmar,Myanmar,,ENT,SG,Database,FY25Q1,Contact,,Database,"ENT SME","Head of trading","[""Country does not match the selected country""]"
Atul,Chugh,atul@blue-planet.com,"'+65 6993 5152",Employee,Myanmar,Myanmar,,ENT,SG,Database,FY25Q1,Contact,,Database,"ENT SME","Director of Finance","[""Country does not match the selected country""]"
"Joel Toh/ General Manager",Wong,sharon@motherswork.com.sg,"'+65 6401 5789",Employee,Myanmar,Myanmar,,ENT,SG,Database,FY25Q1,Contact,,Database,"ENT SME","Founder & CEO","[""Country does not match the selected country""]"
"Esther Jk Wong/ Bd Director",Wong,esther.wong@hashmeta.com,"'+65 6205 5931",Employee,Malaysia,Malaysia,,ENT,SG,Database,FY25Q1,Contact,,Database,"ENT SME","Vice President of Skoolopedia / Business and Corporate Development Director","[""Country does not match the selected country""]"
"Mathew Taylor/ Ceo",Taylor,mathew@justlogin.com,"'+65 6909 9217",Employee,Malaysia,Malaysia,,ENT,SG,Database,FY25Q1,Contact,,Database,"ENT SME","Chief Technology Officer","[""Country does not match the selected country""]"
Jolyne,Boey,jboey@vertexholdings.com,"'+65 6828 8088",Employee,Malaysia,Malaysia,,ENT,SG,Database,FY25Q1,Contact,,Database,"ENT SME","Managing Director - HR & Portfolio Operations","[""Country does not match the selected country""]"
Richard,Lou,richard.lou@securitas-singapore.com,"'+65 6812 0755",Employee,Malaysia,Malaysia,,ENT,SG,Database,FY25Q1,Contact,,Database,"ENT SME",Director,"[""Country does not match the selected country""]"
Namitha,Nandakumar,namitha@shaws.com.sg,"'+65 6382 9778",Employee,Malaysia,Malaysia,,ENT,SG,Database,FY25Q1,Contact,,Database,"ENT SME","Head of Human Resources","[""Country does not match the selected country""]"
Amrith,D,amrith@impress.ai,"'+65 8750 2045",Employee,Malaysia,Malaysia,,ENT,SG,Database,FY25Q1,Contact,,Database,"ENT SME",Co-Founder,"[""Country does not match the selected country""]"
Arzish,Baaquie,ab@smartkarma.com,"'+65 6715 1480",Employee,Malaysia,Malaysia,,ENT,SG,Database,FY25Q1,Contact,,Database,"ENT SME","Chief Operating Officer","[""Country does not match the selected country""]"
"Hong Wei",Hwang,peter@taurx.com,"'+1 656-225-3813",Employee,Malaysia,Malaysia,,ENT,SG,Database,FY25Q1,Contact,,Database,"ENT SME","Finance Director","[""Country does not match the selected country""]"
